{
    "parameters": [
        {
            "descr": "spherical angle of incident plane wave",
            "expr": "0",
            "name": "theta",
            "value": "0"
        },
        {
            "descr": "spherical angle of incident plane wave",
            "expr": "0",
            "name": "phi",
            "value": "0"
        },
        {
            "expr": "0",
            "name": "R",
            "value": "0"
        },
        {
            "expr": "7e-13",
            "name": "L",
            "value": "7e-13"
        },
        {
            "expr": "0",
            "name": "C",
            "value": "0"
        },
        {
            "expr": "3e-13",
            "name": "C2",
            "value": "3e-13"
        },
        {
            "expr": "1",
            "name": "R2",
            "value": "1"
        }
    ],
    "version": 1
}