{
   "execution": {
      "classname": "SMAPowerByEmagHPCFrame",
      "libname": "SMAPowerByEmagUI"
   },
   "inputVariables": [
      {
         "name": "theta",
         "type": "float",
         "value": 0.0
      },
      {
         "name": "phi",
         "type": "float",
         "value": 0.0
      },
      {
         "name": "R",
         "type": "float",
         "value": 0.0
      },
      {
         "name": "L",
         "type": "float",
         "value": 7e-13
      },
      {
         "name": "C",
         "type": "float",
         "value": 0.0
      },
      {
         "name": "C2",
         "type": "float",
         "value": 3e-13
      },
      {
         "name": "R2",
         "type": "float",
         "value": 1.0
      }
   ],
   "outputVariables": []
}